{"t1min": 0, "t2min": 0, "t3min": 0, "t1max": 255, "t2max": 255, "t3max": 255, "saturation": 0.45000000000000007, "brightness": 2.2999999999999994, "blur": 23, "extOnly": false}